{
  "IcoMoonType": "selection",
  "icons": [
    {
      "icon": {
        "paths": [
          "M578.662 346.931c-10.035-10.086-26.368-10.086-36.352 0l-143.718 146.688c-10.035 10.189-10.035 26.624 0 36.71l143.718 146.637c9.984 10.189 26.317 10.138 36.352 0 10.035-10.086 10.035-26.522 0-36.71l-117.862-128.256 117.862-128.307c10.035-10.138 10.035-26.522 0-36.762zM512 20.48c-271.462 0-491.52 220.058-491.52 491.52 0 271.514 220.058 491.52 491.52 491.52s491.52-220.006 491.52-491.52c0-271.462-220.058-491.52-491.52-491.52zM512 939.725c-236.288 0-427.725-191.488-427.725-427.725s191.437-427.725 427.725-427.725c236.186 0 427.725 191.488 427.725 427.725s-191.539 427.725-427.725 427.725z"
        ],
        "attrs": [],
        "isMulticolor": false,
        "isMulticolor2": false,
        "tags": [
          "chevron-with-circle-left"
        ],
        "grid": 20
      },
      "attrs": [],
      "properties": {
        "id": 47,
        "order": 1028,
        "prevSize": 20,
        "code": 59651,
        "name": "chevron-with-circle-left"
      },
      "setIdx": 0,
      "setId": 2,
      "iconIdx": 46
    },
    {
      "icon": {
        "paths": [
          "M563.2 512l-117.862-128.307c-10.035-10.138-10.035-26.573 0-36.762 10.035-10.086 26.368-10.086 36.352 0l143.718 146.637c10.035 10.189 10.035 26.624 0 36.71l-143.718 146.637c-9.984 10.189-26.317 10.138-36.352 0-10.035-10.086-10.035-26.522 0-36.71l117.862-128.205zM512 20.48c271.462 0 491.52 220.058 491.52 491.52 0 271.514-220.058 491.52-491.52 491.52s-491.52-220.006-491.52-491.52c0-271.462 220.058-491.52 491.52-491.52zM512 939.725c236.186 0 427.725-191.488 427.725-427.725s-191.539-427.725-427.725-427.725c-236.288 0-427.725 191.488-427.725 427.725-0.051 236.237 191.437 427.725 427.725 427.725z"
        ],
        "attrs": [],
        "isMulticolor": false,
        "isMulticolor2": false,
        "tags": [
          "chevron-with-circle-right"
        ],
        "grid": 20
      },
      "attrs": [],
      "properties": {
        "id": 48,
        "order": 1027,
        "prevSize": 20,
        "code": 59652,
        "name": "chevron-with-circle-right"
      },
      "setIdx": 0,
      "setId": 2,
      "iconIdx": 47
    }
  ],
  "height": 1024,
  "preferences": {
    "showGlyphs": true,
    "showQuickUse": true,
    "showQuickUse2": true,
    "showSVGs": true,
    "fontPref": {
      "prefix": "icon-",
      "metadata": {
        "fontFamily": "Iconos",
        "majorVersion": 1,
        "minorVersion": 0
      },
      "metrics": {
        "emSize": 1024,
        "baseline": 6.25,
        "whitespace": 50
      },
      "embed": false,
      "showSelector": false,
      "showMetrics": false,
      "showMetadata": false,
      "showVersion": false
    },
    "imagePref": {
      "prefix": "icon-",
      "png": true,
      "useClassSelector": true,
      "color": 16777215,
      "bgColor": 16777215,
      "classSelector": ".icon",
      "name": "icomoon",
      "height": 300,
      "columns": 16,
      "margin": 16,
      "overrideSize": true
    },
    "historySize": 50,
    "showCodes": false,
    "gridSize": 16,
    "showLiga": false
  }
}